bids_name	cjv	cnr	efc	fber	fwhm_avg	fwhm_x	fwhm_y	fwhm_z	icvs_csf	icvs_gm	icvs_wm	inu_med	inu_range	qi_1	qi_2	rpve_csf	rpve_gm	rpve_wm	size_x	size_y	size_z	snr_csf	snr_gm	snr_total	snr_wm	snrd_csf	snrd_gm	snrd_total	snrd_wm	spacing_x	spacing_y	spacing_z	summary_bg_k	summary_bg_mad	summary_bg_mean	summary_bg_median	summary_bg_n	summary_bg_p05	summary_bg_p95	summary_bg_stdv	summary_csf_k	summary_csf_mad	summary_csf_mean	summary_csf_median	summary_csf_n	summary_csf_p05	summary_csf_p95	summary_csf_stdv	summary_gm_k	summary_gm_mad	summary_gm_mean	summary_gm_median	summary_gm_n	summary_gm_p05	summary_gm_p95	summary_gm_stdv	summary_wm_k	summary_wm_mad	summary_wm_mean	summary_wm_median	summary_wm_n	summary_wm_p05	summary_wm_p95	summary_wm_stdv	tpm_overlap_csf	tpm_overlap_gm	tpm_overlap_wm	wm2max
sub-01_T1w	0.35797488214081663	3.8304799465974417	0.7438197483593563	-1.0	4.7700267561487415	4.74815	5.05815	4.503780268446223	0.17487971049801454	0.4581913363380054	0.36692895316398005	0.43139106035232544	0.19988742470741266	0.0	0.0031614431925011096	28.665546512730607	12.088862605749465	16.781373846945304	181	256	256	2.216481510777232	14.371332827566189	14.149674857193384	25.861210233236736	17.307127313165456	44.10234115142829	40.122987178460995	58.95949307078925	1.0	1.0	0.9999999403953552	244.7418295274252	0.0	3.5255571682691973	0.0	369181.0	0.0	17.802332915365696	11.111898037092198	-0.3454872748087978	138.65484847064317	286.4429777643296	293.5496089346707	28538.0	65.33031190559268	503.24881320670227	132.43713711424346	0.10230520328241521	51.387356110806415	748.3479553786075	748.02852974087	54018.0	663.3305073704571	834.206931784749	52.049563864521176	0.1052989665409716	38.82055717090212	999.9427828933262	1000.0236215256155	218722.0	937.0779722519219	1062.945660278201	38.66877560806822	0.1349070588017093	0.4771856306097349	0.5176645151922225	0.8503313868195959
sub-02_T1w	0.3283896693285784	3.936949479954276	0.741631261395189	-1.0	4.639966666666667	4.55075	4.95815	4.411	0.23107502479439904	0.413764603682673	0.35516037152292795	0.43324993550777435	0.17396191507577896	0.0	0.0028063579785256886	23.071302654825654	13.001568481083806	17.893620994050753	181	256	256	2.445834444151312	12.197084869248737	14.830195540741926	29.847667308825734	9.112214174929914	25.163298123566523	23.040329254821994	34.84547546596954	1.0	1.0	1.0	174.40996922955162	0.0	3.8174384600496003	0.0	312970.0	0.0	13.733709966763854	18.800800734546304	0.4784648627203332	97.91953249682257	268.4071703501855	261.4980986453593	48420.0	102.5381503533572	462.75787363499364	106.9145947085336	0.062262254850411924	58.8803192593464	721.4798502581743	722.1246657110751	32914.0	623.1108125093393	817.4345476608723	59.20379365215213	0.40010265508639087	32.364273248637105	998.913852195537	999.9793031439185	224694.0	942.400982260704	1051.6510961316526	33.50268775085322	0.15673817195640394	0.46504366388409485	0.5218270409167695	0.8920412675018423
sub-03_T1w	0.29947470642434193	4.299228133591076	0.7202995166670189	-1.0	4.700569797508741	4.58264	5.095859392526222	4.42321	0.2285879001892339	0.4365061051455342	0.3349059946652319	0.4524267911911011	0.1859779804944992	0.0	0.004417286031263516	25.88167432834117	13.878255546003349	20.58310626227362	181	256	256	2.1692529705278427	13.230082431743831	15.9887139758045	32.56680652514182	11.667602968905085	35.98922366566719	32.44921990489743	49.690833080120015	1.0	1.0000001192092896	1.0	221.63715508100194	0.0	3.104492964751921	0.0	327733.0	0.0	11.192283779382706	13.184251095865726	0.037780918252859674	118.43379643836309	244.80758890645438	234.80393888801336	47644.0	97.43391770124435	433.6847167655825	108.24070678479029	0.18849414850742585	53.160195981249714	724.9339782166479	724.2628581672907	44020.0	634.8466855734587	815.1462374165652	54.74301731200043	0.3842011261367415	29.41611298621934	999.2093343865021	1000.0000312775373	179122.0	947.2955669604243	1048.1675507426262	30.706026982042996	0.15846053702556775	0.48222314115827924	0.5221777448509461	0.8966356502852232
sub-04_T1w	0.3283622751510088	4.117814892601965	0.7450644934392955	-1.0	4.736469820713224	4.61526	5.08225	4.51189946213967	0.22556656940716222	0.42525083045554113	0.34918260013729663	0.45445215702056885	0.19156671762466432	0.0	0.004009902219100849	26.322589360072698	14.179244586777909	20.08963991052704	181	256	256	1.9284163441019593	11.518266402484135	14.316593371108437	29.503097366739215	14.632117267865867	43.07245417156177	39.52296606806073	60.86432676475456	1.0	1.0	1.0000001192092896	269.02489808869507	0.0	3.604729583216983	0.0	319359.0	0.0	15.163524309173226	10.763881626000078	-0.6995542979891289	144.69163755291896	251.75435826123186	240.4054761864245	40083.0	78.8232114398852	465.72877296712255	124.66316107366622	-0.08204958163689868	62.77495709177719	708.1660016144829	707.6798023190349	39502.0	607.920707075391	808.8603476062417	61.43900653236194	0.221018160520825	33.21197237269394	998.8922574489935	1000.000013038516	190877.0	941.3691095542163	1052.4153315927833	33.894657944439125	0.14760756116095514	0.48001268949363735	0.5262203684126434	0.914839620661362
sub-05_T1w	0.3349875538131469	4.001645826290233	0.7492779934135441	-1.0	4.797670091006165	4.70664	5.10588	4.580490273018496	0.2006236545193444	0.4331572121191518	0.3662191333615038	0.4154692441225052	0.18564039170742036	0.0	0.0034744304679280376	23.7238212619928	11.564721867592539	15.685885541887833	181	256	256	2.39499071486078	12.762537611168007	15.038716561336992	29.958621357982192	15.444595289775505	43.06944539213708	39.14392173694665	58.91772452892738	1.0	1.0	0.9999999403953552	263.69028408964857	0.0	2.8612113378111816	0.0	311297.0	0.0	13.179759129881859	11.119512903018157	0.44630198339922433	108.19746190296264	269.13597535052077	262.13835257291794	41712.0	111.44977318793536	469.70134849324813	109.45145160107666	-0.00044470492256643013	57.30483166289163	731.1779172453801	731.0099908411503	54773.0	637.3540306270122	825.6902846664188	57.277270398325626	0.13028207572411654	32.803472542008635	998.6774371665732	999.9999971240759	250351.0	941.7950850427151	1051.4898333102465	33.37930634313753	0.15104326598239803	0.46531993132587013	0.5153396290041901	0.8541569450925494
sub-06_T1w	0.3241819721943747	4.097547958646612	0.7243053652924314	-1.0	4.697273424239363	4.65069	4.86568	4.575450272718088	0.23015745985527067	0.4285464806226697	0.34129605952205966	0.46213141083717346	0.1819404453039169	0.0	0.002352941473231159	24.377742233184488	13.383952828388002	19.512368286478875	181	256	256	2.690643739533388	11.910324374334094	15.009538480454447	30.427647327495862	15.409198649377478	39.69001429761513	36.8613993318565	55.4849850485769	1.0	1.0	0.9999999403953552	170.7469420930918	0.0	3.1692175067989257	0.0	294657.0	0.0	13.247484654188156	11.807696208171034	0.9112807483276018	89.66429410788778	278.41305996146485	277.724053286016	47113.0	107.88471741825342	455.4131409302354	103.217346007203	-0.09359734821216881	60.90462426307888	714.4314037903252	715.3436006978154	40011.0	613.8584057576954	811.4804322682321	60.06004864542259	0.3872394576462872	31.382502937760727	998.858480726735	1000.0205263644457	196666.0	942.7518970519304	1050.6654133498669	32.86543889391885	0.14165418827347673	0.4587240908254767	0.49284189826916697	0.9057102934326968
sub-07_T1w	0.29946163605989007	4.424012149053852	0.7644918902424409	-1.0	4.637496473636253	4.59798	4.857769420908759	4.45674	0.19463072739653897	0.46286948815419016	0.34249978444927087	0.4289625585079193	0.19198872745037077	0.0	0.0027479303723783235	24.000285243924303	11.022674452576759	16.449947061272038	181	256	256	2.716570690615095	14.231894478848343	14.620316350905506	26.91248388325309	14.56178695197966	36.33118656112867	33.85074187559892	50.659252113688446	1.0	1.0000001192092896	1.0	245.4313440751606	0.0	3.68512519420011	0.0	396376.0	0.0	15.934246998280287	12.932499972032009	0.7126171650758231	83.77312045496018	291.0853449079414	287.4520624242723	38576.0	111.62192077096552	478.00001268740743	105.81294188452625	0.2891908747640848	47.84946465086457	718.7685031162217	717.183580679819	70654.0	637.8520717248321	804.4493364207447	50.3923428048098	0.09813713814598746	36.8497744747575	999.0474840419502	1000.0219443514943	233133.0	936.2630385495722	1058.432904805988	37.15821266969326	0.14994496819883843	0.4802449813686172	0.5080634076029243	0.8905589498797792
sub-08_T1w	0.2997984218903543	4.451485474895253	0.7352761791182433	-1.0	4.867493333333333	4.77987	5.2088	4.61381	0.23357124899110107	0.42732772009831227	0.33910103091058663	0.5011213421821594	0.22609671354293825	0.0	0.0030472412078228995	21.794234014834114	12.026170133118326	17.28000328642355	181	256	256	2.226658978841184	12.700888422705173	13.67058337681989	26.08420272891331	15.485813780650531	42.74201043487974	39.82225305539407	61.238934950651945	1.0	1.0	1.0	205.50633586431337	0.0	3.4196451319933487	0.0	343917.0	0.0	18.202476613223553	10.698037219089885	-0.388413135713372	122.98867226486342	260.31944785195157	252.87529771402478	62582.0	85.14585238695145	453.8561461791396	113.5662352238042	0.15625338125413313	53.87092926318406	698.5426831037611	697.954835742712	43951.0	608.4960398525	789.1063460186124	54.95260428415777	0.29967184196482055	36.68173677333593	998.3735507851311	1000.0000081807375	218687.0	932.7088143825531	1058.867049426585	38.33729296609422	0.14338063418377459	0.46482222722332156	0.5069614134411949	0.8962736662717958
sub-09_T1w	0.2996130900759956	4.526768809751245	0.7162266045931932	-1.0	4.993279808231217	4.86119	5.29263	4.826019424693653	0.22791660728619273	0.4355512922604364	0.3365321004533709	0.5251214504241943	0.23151172548532478	0.0	0.0014508142759110862	27.415964628431155	14.38331365217626	20.85950594602822	181	256	256	1.925064936301572	12.326995780781125	12.888200980367847	24.412542224020843	14.769187275707877	49.191535559283686	45.263650130737055	71.8302275572196	1.0	1.0	1.0000001192092896	72.55581819147841	0.0	4.090881645563351	0.0	285676.0	0.0	21.156900573521852	9.120622541503547	-0.2134261425276729	117.81532674940084	213.93486464198145	205.61242267489433	47940.0	57.88805970791728	400.3287106331436	106.80693118958548	0.08399649784454155	55.3751660707206	686.0438532479951	684.8305605873466	42381.0	596.3863328509033	777.5988263972104	55.55469420657978	0.377464450047833	39.053720193999055	998.796845613079	999.9999887347221	160928.0	928.5209920108318	1063.065863421373	40.96242302722818	0.13949321317472718	0.4879221612649803	0.5141163934607061	0.9007950468195834
sub-10_T1w	0.3365306984733855	4.104597863304465	0.7432803162150702	-1.0	4.54042	4.49141	4.81399	4.31586	0.19790690814609796	0.4435027280752111	0.35859036377869097	0.4275321811437607	0.19170091450214388	0.0	0.00477876858699922	22.957858254570702	10.93477273982386	15.50497589758449	181	256	256	2.4635480110094963	12.387950059546922	14.611585990608454	28.98325990126894	20.891198570522572	52.6684087951723	48.89958378494728	73.13914398914697	1.0	1.0	1.0	341.6643678775555	0.0	2.5070421806138197	0.0	320577.0	0.0	12.46275869384408	8.957397771349846	0.07741833538742426	113.13466310430759	289.16973369264275	285.6363583467901	34211.0	104.936847823672	491.90130905248225	115.94342079487377	-0.1155027809025202	59.413584418264364	720.9601432108179	720.1124644614756	56680.0	627.292187590152	816.7103839301503	58.12956207711539	0.08237220849320392	34.777166167340084	998.6154020479253	1000.0000081919134	233973.0	939.88922762312	1052.368771996349	34.502601660316245	0.14722306713904984	0.4636608334998276	0.49787351306051725	0.9205778962413567
sub-11_T1w	0.36291580132427054	3.7082166647376473	0.7176647099322462	-1.0	4.518073244594363	4.5587794565511395	4.651180277231949	4.34426	0.22994694278794928	0.4284963685348098	0.3415566886772409	0.458733007311821	0.17604950368404387	0.0	0.003013564410739106	29.225692801308178	15.911111352237	22.844624847010707	181	256	256	2.5834714538562005	12.175407722918209	13.842844625199206	26.769654698823206	15.893107241901205	39.964159574369845	36.782694959737775	54.49081806294227	1.0000001192092896	0.9999999403953552	1.0	173.57314513572797	0.0	3.810925661378122	0.0	255589.0	0.0	18.255277866497636	12.023131346165583	0.18673542135484134	110.61340398911457	287.26436574543743	291.6719569666311	35504.0	95.25320536829531	468.7534405908547	112.89764743072611	0.05850604582263097	59.869857730428045	731.4722855687055	733.4264127314091	31797.0	629.369213564694	827.097352996096	60.23739790745146	0.14021561029734997	36.88158862806882	998.6754673507317	1000.0211600679904	158075.0	935.2921331021935	1057.6849925871938	37.356402545771594	0.14476209515364952	0.46263403840508976	0.5018216635515426	0.8799441600744532
sub-12_T1w	0.31528132460537234	4.271199239890454	0.732176497882915	-1.0	4.791456666666666	4.78836	4.99997	4.58604	0.21081525483183336	0.43927932169400624	0.3499054234741604	0.4703361988067627	0.21877654790878287	0.0	0.005730780468553153	26.79081205905884	13.522649495209482	19.530681746654874	181	256	256	2.1498992392453893	11.671548624921959	14.164396596518225	28.67174192538733	15.007130016645778	41.24390202127756	38.39262892295454	58.926854730940285	1.0	1.0	1.0	176.67181167606597	0.0	3.3493568509385536	0.0	228746.0	0.0	12.0066470913589	11.117789889946568	-0.19505038779445005	129.59680178833625	255.65908030253166	254.6738639101386	37185.0	81.01370874792337	461.512248716503	118.4569187344268	0.0013123166910258277	60.24033847385592	700.5104489540329	699.9168980903924	42848.0	602.375354120601	799.7018986101262	59.96708346900166	0.17847014665410788	34.37025446667853	998.8109978444979	999.9999843910336	200443.0	939.7797942217439	1054.3830329813063	34.877458527477096	0.1348695777058788	0.470016715530507	0.513517720815708	0.9110005109475238
sub-13_T1w	0.31659734874338374	4.27590887282141	0.7289621628043388	-1.0	4.79741	4.78419	5.11105	4.49699	0.21301420777802718	0.4557517911784134	0.3312340010435594	0.47622808814048767	0.21114345192909245	0.0	0.002952377441761111	26.47477839437828	12.977807744684906	19.773502531086983	181	256	256	1.848293469078138	13.682616562839762	13.870006403835523	26.07910917958867	12.806046972335587	39.37597395332314	35.68560591528909	54.874796820208545	1.0	1.0	1.0	279.6867510333797	0.0	3.3947956036047375	0.0	421224.0	0.0	11.856406219303608	11.939011133175553	-0.3347624935509397	135.15785824062507	245.9139751723664	233.37359574995935	42129.0	50.76298366487026	467.7747467055916	126.2628634942464	0.052656189882394955	51.8886382551918	718.2631159271951	717.5760519616306	56341.0	633.2418736498803	805.6428026016802	52.443893350827324	0.17137574333407413	37.53299868772657	998.5713825917483	1000.0219956748188	177086.0	932.0013540685177	1058.2501239962876	38.345603188950925	0.13006984022107013	0.47840020175910725	0.49770101257071714	0.892044341729014
sub-14_T1w	0.3517361952796477	3.8330391524217773	0.7491686616334489	-1.0	4.589056853176962	4.3798	4.954160295290964	4.433210264239923	0.22056527973414708	0.4284366928813953	0.3509980273844576	0.4763985574245453	0.2111944928765297	0.0	0.004399521538431083	22.40415524219251	11.878468107938922	16.63857943048349	181	256	256	2.522013532492394	13.300654451342584	13.47135569491999	24.591399100924992	11.751412416572958	30.574981615204255	28.04848985348666	41.819075528682774	1.0	0.9999999403953552	0.9999999403953552	158.81787945522	0.0	4.176089937658718	0.0	279222.0	0.0	19.868633523583412	15.66633680309485	0.5301731073005054	102.47667926607862	288.10358794266307	281.0126026123762	45251.0	109.0904854759574	483.7895388677716	111.42267633849725	0.03273264284126398	55.033130427640465	731.1482812448854	731.1423388049006	36936.0	641.2601469736546	821.1414049509913	54.9696591239815	0.3437787690587313	39.54206663598096	999.8513937916584	1000.0233875364065	224725.0	932.5869078710675	1065.8703765198588	40.66548464510443	0.15557763674488778	0.46615350358772034	0.502099205886298	0.8688288215105299
sub-15_T1w	0.3083218042129985	4.3263986134579735	0.7347599763588761	-1.0	4.812076666666666	4.70388	5.1358	4.59655	0.22989857553525767	0.4372213700888568	0.33288005437588547	0.4898633360862732	0.2058374419808388	0.0	0.004629401165323881	25.488454092172578	13.69439583986376	20.578538268276883	181	256	256	2.4093894212578117	12.803211589712992	14.896090912580874	29.475671726771818	17.321575764758588	48.854585640135966	44.8525833050125	68.38158851014295	1.0	1.0	1.0	249.69025066953415	0.0	3.235344220258888	0.0	206867.0	0.0	11.516938906162977	9.580596122773859	0.07996700010195079	105.02274564584283	254.48993239383933	253.30758848413825	43993.0	86.89975032284856	437.63934060409673	105.132324098195	0.03544336650833424	55.91994938093101	713.2515127172599	714.4406168907881	38867.0	619.7739817801863	801.7394475825131	55.800954392372276	0.4785871651007523	32.1242262401093	998.8658855179351	999.9999721422791	167457.0	940.8753479272127	1052.2274465039372	33.92618141382331	0.1492688961316429	0.4718607846191214	0.504452145644195	0.9123037485115494
sub-16_T1w	0.32797524269823874	4.00998669422377	0.7272299263530156	-1.0	4.713986666666667	4.65903	4.99549	4.48744	0.22914653262405676	0.41808849467733084	0.35276497269861246	0.42931175231933594	0.17411414980888362	0.030121897049527616	0.008112105208461227	23.94771921838931	13.283891769530523	18.397223487851004	181	256	256	1.9598563420647834	11.594622332503533	15.171597471964617	31.960313741325532	10.516503571170892	31.509164812285203	28.676751339933727	44.004585636345084	1.0	1.0	1.0	169.85890646170284	0.0	2.7453842678157003	0.0	211892.0	0.0	10.130375543609262	14.888245073862674	-0.5306518289591518	136.1685120691207	253.9080340191443	238.99188396148384	53127.0	81.1771815083921	465.03567202948034	121.94242484549349	-0.03567994956553111	62.431290047760974	718.1101430182413	716.0587746277452	46505.0	618.892148276791	821.1194905303419	61.75717115426311	0.16260260505359714	30.701739025080542	998.4452923741114	1000.0223698876798	219214.0	944.629565866664	1047.185641458258	31.289432796298925	0.13726419298748674	0.4695964854861828	0.5129003589327459	0.92259129358366
sub-17_T1w	0.3000675103911169	4.145097885397801	0.7331432163755491	-1.0	4.53256675247173	4.49244	4.78655	4.318710257415191	0.22011650336300911	0.4523389384557855	0.32754455818120537	0.47626344859600067	0.2080711141228676	0.0	0.0027538720490799585	26.078945563708846	13.227747878344493	20.39240707777841	181	256	256	2.5455929047407246	13.899625489958796	15.133078334893995	28.954016609982464	7.964486995453189	19.864923026537607	18.435415442012253	27.476836304045953	1.0	1.0	0.9999999403953552	102.8433606876152	0.0	5.043207565722368	0.0	212901.0	0.0	11.916716873645782	23.843225345734616	0.30713617576089547	106.89981849146909	291.6986599969027	289.8618641793728	42403.0	108.39079686701298	487.9828611910343	113.8667717367081	0.26456502081861366	49.64505652938699	722.8535090767169	722.9698062837124	37844.0	637.9304186612368	808.8415788114071	52.01293047563814	0.28643611490594	33.48270390385847	998.9760207054609	999.9999996721745	171316.0	940.7455755546689	1053.870701044798	34.53742168331647	0.1454199136213687	0.47963614506587016	0.507284612345996	0.8447415751232018
sub-18_T1w	0.3052842379580416	4.1409627372520905	0.738248820873389	21316.0	4.563670086328988	4.52662	4.81931	4.3450802589869655	0.22152531060736444	0.45156500558656165	0.32690968380607394	0.4783441126346588	0.21091648042201988	0.0	0.003718316318622978	25.899191732337957	13.197541224589106	20.319961319814805	181	256	256	2.510996363335788	13.915532875883265	14.88053806317638	28.215084950310082	8.797941568473824	22.20966419856155	20.553276470392756	30.652223644142886	1.0	1.0	0.9999999403953552	128.8829226086841	0.0	4.566296120156571	0.0	210544.0	0.0	11.953084733337164	21.373688949291672	0.1792458195682256	107.92596742406495	288.4619235366386	287.0310159511864	44393.0	102.12823241204023	485.0081867314875	114.30832289646538	0.2605161450533302	49.57412736576735	724.1514270680289	724.585680551827	38472.0	638.1680175768212	809.9268931193277	52.06960235737518	0.21937724276852366	34.51237035926661	999.7580452209554	1000.0224285721779	171641.0	941.2886032126844	1057.8143598251045	35.44272566277371	0.14246167151625222	0.4782242684712718	0.5051362558382223	0.8446415565179822
sub-19_T1w	0.3067654047262102	4.414356601010975	0.7415700794891129	-1.0	4.69689	4.59779	5.08488	4.408	0.18542772689736722	0.4477306829836757	0.3668415901189571	0.41674238443374634	0.18369713425636292	0.0	0.004582145443740521	24.76194341007197	11.172367096942516	15.604135441472888	181	256	256	2.786653723548443	13.038627981294859	15.653129107017497	31.13410561620919	41.67893386176899	106.468935315135	98.81572613261848	148.29930922095147	1.0	1.0	1.0	220.1555825926305	0.0	1.5637677036002482	0.0	254432.0	0.0	10.833370715379715	4.417663349835222	1.0555968164550107	79.35341817553089	279.56441504588395	281.0460517555475	33587.0	108.41362546235324	452.44196421913796	100.85281335740184	0.0026164485177218033	54.8002659735624	719.5534544650355	717.9328051954508	53926.0	631.7320296056569	812.9190448438749	55.06147959328818	0.16030113722539863	31.72820204114964	999.4838496340143	1000.0000353381038	250785.0	945.6555855199695	1050.8547190159557	32.11905470879384	0.1420513486743088	0.4521424216528388	0.4975011099036155	0.8796157075628283
sub-20_T1w	0.3438620090286574	3.916441680518822	0.7443551549037676	9130.864197530864	4.998900201766503	4.936570294242519	5.21867031105699	4.84146	0.21563076458915229	0.42554756337087507	0.35882167203997267	0.49995672702789307	0.24547489285469054	9.333258667263995e-06	0.001784354408182533	20.011758002517265	10.34396795513577	14.102289719346	181	256	256	2.3785897657010837	12.006718873223528	13.405384602232024	25.830845167771457	9.277773671571023	27.39361185711255	25.010286728611163	38.359474657149924	0.9999999403953552	0.9999999403953552	1.0	154.5617409169202	0.0	5.888985343346579	0.0	506136.0	0.0	26.171410324051976	17.079266902047127	0.32656683660784314	100.20623101494589	253.546347120864	241.8695905059576	77677.0	108.74326048828662	437.93804562054567	101.68547645139178	-0.08360346062101298	60.64294187847502	716.8300096426976	714.1456471029669	54248.0	623.7714014612138	818.4577446300536	59.47828648133484	0.42488719259852825	37.65954381494339	1000.314643851913	1000.0233629085124	272200.0	937.664899950847	1063.4791106879711	38.714239487098546	0.14095594648477142	0.44321049752870845	0.4862283594691613	0.8700085306901735
sub-21_T1w	0.315919860728662	4.19125729548509	0.7470228967115634	-1.0	4.633023512390465	4.561810271905081	4.88683	4.450430265266315	0.20477588471980337	0.45137836197581527	0.3438457533043814	0.4270104765892029	0.1858544647693634	0.0	0.0006222889134537946	24.62951250710631	11.845453892145262	17.393775811688553	181	256	256	2.5801046493288156	14.403927426622698	15.235226866736605	28.721648524258303	13.328369538968863	33.20694885639476	30.5871203511543	45.22604265809929	0.9999999403953552	1.0	0.9999999403953552	245.83388685225128	0.0	2.896392803408131	0.0	385513.0	0.0	11.033694161102176	14.486128825198966	0.44679443718005674	103.4578104797468	294.8394332112937	294.7118770554662	43122.0	88.05777413025498	488.02177519965903	114.22345210893026	0.15872032561186344	49.735105250354756	734.7455323465479	734.2595206517726	49261.0	651.6232929807156	819.0135399084538	50.97582389300513	0.20114616585901546	34.22428328465069	999.1266781082137	1000.0211867317557	214754.0	940.6171327549964	1054.6813875567168	34.81759960922021	0.15055325841783446	0.48207627656188473	0.5210057717253117	0.8925264940450479
sub-22_T1w	0.3136888176856108	4.014356943274507	0.741770661337708	-1.0	4.541313333333334	4.45624	4.86902	4.29868	0.2361198028652387	0.4300577044433091	0.3338224926914522	0.4632044732570648	0.2011740356683731	2.8637800886424166e-05	0.002352240295677908	21.32428958345403	11.889077995447895	17.345151360351434	181	256	256	2.862270119957634	13.315851170835975	14.732334466733	28.018882109405393	8.442607631663206	23.063210188896996	21.095433380009325	31.780482319467772	1.0	1.0	1.0	180.39084664296155	0.0	4.73020327587097	0.0	345335.0	0.0	14.921330910176039	20.61442638481717	0.8436368863168275	85.93420069781762	269.2799710912148	265.65386004932225	71268.0	134.16886490024626	436.1571506221777	92.81164430418897	0.3428502282076078	51.39989574448904	725.977504998486	725.7036071214825	40270.0	636.1128338818438	816.3063716159199	54.49855118391186	0.2681446193469843	34.6438217766478	998.9946791786126	1000.0000202227384	214822.0	938.271015945822	1055.8922233573157	35.69013527402463	0.1565459615417072	0.45658473266050054	0.4886647287040061	0.8414411801267974
sub-23_T1w	0.3180622386318098	4.28019168749441	0.6761188843762478	20893.388429752067	4.83271	4.74336	5.14495	4.60982	0.19368622153565343	0.44246981564741067	0.36384396281693593	0.4371824562549591	0.18057960867881773	0.0	0.002220757883780108	26.94788613238825	12.488532051336788	17.288018754504765	181	256	256	2.23488882483884	13.010252881763595	14.33250655928397	27.752377971249473	31.42474974128471	73.27926556049582	69.07804831130767	102.53012963214248	1.0	1.0	1.0	52.815244483290435	6.389834931534608	6.745657661182135	4.309878166764975	594227.0	0.0	28.28492907434702	11.252783521837317	-0.6268120547943417	146.51666729945939	295.51973471334435	306.4994764626026	31825.0	55.97210620194674	504.5372953414917	137.14089829877827	-0.07268863920045554	55.93513794338335	714.6091628884359	714.7250722683966	51787.0	624.5056779000909	804.374869672954	54.93499458526476	0.2543891101775495	34.806940029062886	999.0821478303669	1000.021680764854	217778.0	938.6438178271055	1057.0680078566074	36.03364676830227	0.13614890071384572	0.4832073976613193	0.5200725160065038	0.8993767043241138
sub-24_T1w	0.2937778968789906	4.43827324200532	0.7271869497285742	-1.0	4.80652	4.8157	5.06003	4.54383	0.15974956808186194	0.4516992474773163	0.3885511844408217	0.3722677230834961	0.15369150042533875	0.0	0.002761408286504995	32.34794196031981	12.645159967363291	16.626883049799734	181	256	256	2.0927517767301143	13.179919638198337	15.604788448119486	31.54169392943001	16.849133907806067	40.361157662873794	37.85797483684747	56.36363293986253	1.0	1.0	1.0	355.6301282540375	0.0	3.3527436867471336	0.0	351293.0	0.0	11.505252251401544	11.62338878902565	-0.5925727230485474	158.96336341337854	293.6467301293786	298.9362736809999	22428.0	56.49701963877307	517.3647116368636	142.84045178045267	0.15250919292244713	52.75683231589711	719.4685430822346	716.0851198174059	70527.0	636.2449002770707	815.1749393528327	54.3311387916538	0.321207904342403	30.65109269635298	999.4004207104044	1000.0000293403864	245591.0	946.5017190650105	1050.293781928718	31.704004092816987	0.11353275467027238	0.4607331954219359	0.5169557331334357	0.9159209963107152
sub-25_T1w	0.3534704124461894	3.7335126793969304	0.7185857812229007	10411.035671819263	4.734016666666666	4.70444	4.86765	4.62996	0.19577202663496632	0.42661013165459244	0.37761784171044127	0.5581205487251282	0.2472513318061828	0.0	0.0017303213396139996	31.72925698426188	14.849154622756586	18.893164656082618	181	256	256	2.2095173931671495	12.12864775351733	11.331750096691168	19.657085143389025	21.56743083870392	57.97936154581057	54.141162399326994	82.87669481346649	1.0	1.0	1.0	19.09306007424508	7.905141559085089	14.370257142244425	5.331936955451965	309154.0	0.0	57.651568330824375	23.65644184331857	-0.07989704223101812	123.1472833501224	261.0152189822975	260.24136934801936	26872.0	72.22156212739647	456.90415116027	117.77980470636581	0.0438146272668023	57.9122200824046	699.1841081155858	699.6024957932532	28881.0	603.4134009853005	792.3877201341093	57.68082296506098	0.4250189280462342	48.27782880726965	1001.4080468428301	1000.0238186269999	177697.0	920.8302728645504	1088.457801559567	50.87331094528185	0.13848896669592412	0.48163241673583845	0.5103807319531208	0.8006555877420338
sub-26_T1w	0.3029382093372422	4.216592748442554	0.7198882499284299	-1.0	4.554143333333333	4.50434	4.82742	4.33067	0.20072915508154487	0.4581488006768621	0.34112204424159304	0.4369051456451416	0.17706709504127505	0.0	0.001972430997468348	31.493207852261783	14.536994543372998	21.363927582658103	181	256	256	2.2610147868731514	14.014980507390284	15.129322023384939	29.11197077589138	10.230320688270131	26.3012691733291	24.23935678247209	36.18648048581704	1.0	1.0	1.0	136.91291709541423	0.0	6.1858942540885264	0.0	351980.0	0.0	21.49831254966557	18.104862366967545	-0.16392205638367008	126.50298620442892	278.7111673941373	282.7175348997116	31636.0	62.665655522141606	482.95313513837755	125.0381325312403	0.23883273585690645	49.842142978195284	727.7089753334748	726.8423162866384	46682.0	643.8393477071077	815.0782776996493	51.86125880256286	0.34767359551123267	32.91462272144971	999.1396449203069	1000.0226651132107	163867.0	940.9713992299512	1054.0969243925065	34.35080439873785	0.12962450283251278	0.4794466839004448	0.5070598374582794	0.8975825365866417
sub-27_T1w	0.2835281206257049	4.488574068099932	0.7272609123858494	-1.0	4.63477981854878	4.566369455646341	4.95442	4.38355	0.23015654425241971	0.43951788801542147	0.3303255677321588	0.4956093579530716	0.22073866426944727	0.0	0.001926122862871153	24.41347625388555	12.971342399806904	19.429412763376295	181	256	256	2.07922523403646	12.085988462028471	14.79021984946344	30.205445852325393	17.111866513860193	49.17267456317019	45.5698758410328	70.425086446068	1.0000001192092896	1.0	1.0	279.37207754079293	0.0	2.8952077740479325	0.0	299406.0	0.0	11.807106167078018	9.302394019450983	-0.1499884181147726	127.28998857577449	249.90093708797968	242.9743252247572	56614.0	79.34751225933432	454.3967019468546	116.85707510295848	0.26798832124352057	54.02366756963079	701.5602113489773	698.211233228445	48247.0	609.9011545181274	802.4188949614763	57.76970577004056	0.5720195914823969	31.535660316738362	998.1836876609678	999.9778717458248	191715.0	940.6327913105488	1048.5550482422113	33.10579385753971	0.14516658452014122	0.4802003334927674	0.5042985655636114	0.917698145367477
sub-28_T1w	0.3155162405887314	4.091099477775276	0.7600502352399489	-1.0	4.538299830240827	4.4709	4.87187	4.272129490722478	0.21731558548588123	0.44789972326979693	0.33478469124432186	0.45575544238090515	0.2136950433254241	0.0	0.003994582059148029	22.29443984785173	11.472390248687889	17.267503356727822	181	256	256	2.564874809688468	14.587863576925894	15.198889252106861	28.443929369706222	10.257729312514545	26.901179427205548	24.54394868230753	36.47293730720249	1.0	1.0	1.0000001192092896	212.34913032662038	0.0	3.020063288863622	0.0	244519.0	0.0	12.147668104618788	17.962260997464277	0.8016604516907058	93.37916467347706	290.4281643120198	281.2422133050859	41263.0	122.13021062389015	490.46895929016176	109.65011013386834	0.24941449989871245	48.705093019789814	737.1547017731311	737.5654993541539	46923.0	652.509373132512	818.8825384117663	50.55967490411097	0.334274782317995	34.097263298592416	999.0768356080479	1000.0000293925405	214436.0	939.8353980407119	1055.4502679891884	35.15680568229614	0.15859093737048166	0.473715471711268	0.5063880664247172	0.8265979381443299
sub-29_T1w	0.30913441693107024	4.243123058747371	0.74290035118879	-1.0	4.590146666666667	4.45895	4.92357	4.38792	0.18778736484389674	0.4535250207228742	0.35868761443322905	0.4196929931640625	0.1822596073150633	0.0	0.0034546406132239956	25.682503831572156	11.603344772267974	16.588070826824723	181	256	256	2.54212628966992	13.937040830553668	15.381834469752391	29.66633628903358	12.498397006393132	29.954749537627297	27.870958522596155	41.15972902376804	1.0	1.0	1.0	247.52383107957118	0.0	3.5680209946214756	0.0	273752.0	0.0	11.8131866697222	15.916926752977819	0.47485424854448377	112.573746965285	303.93852382202766	303.6559557374567	28977.0	107.3076910044998	503.43194654881944	119.44753387079692	0.13630012985906426	50.944868512539216	728.4197912356236	727.768376622349	55301.0	643.723576290533	815.4057381954044	52.21781333465766	0.1980187540701821	33.21129189624328	998.2882065208388	999.9999878555536	222930.0	940.3423385377973	1050.4860396515578	33.708164542253286	0.14219111994683784	0.4713253231750831	0.508141691603382	0.9129671432154502
sub-30_T1w	0.31574703479633	4.087607634973253	0.7121411977999574	-1.0	5.035723333333333	4.93772	5.37971	4.78974	0.20817866442931535	0.42793715076756067	0.36388418480312396	0.39415013790130615	0.15709751248359682	0.0	0.0026839797574729598	27.23969397230782	13.699477516860894	18.640016125334956	181	256	256	2.3509946301965194	12.470986807524922	15.941384787946573	33.00217292611828	11.174303159912004	29.90016116171838	27.449273689279938	41.273356746209444	1.0	1.0	1.0	210.36176766398498	0.0	3.291891196829354	0.0	296799.0	0.0	12.784403489902616	15.87310683641338	-0.29677276936914687	121.03274743966506	270.0189182359706	270.73889937996864	45625.0	83.10962475277483	462.1924929857253	115.158039446242	0.0647058457788039	57.38452904214848	726.9827818433617	724.4421963822097	50711.0	635.4134588260204	826.4643767280504	58.08963353719915	0.1882903422091804	29.62203090976169	999.2479852351757	1000.0000017248094	223139.0	948.2462719343603	1047.7269744779915	30.300967248587558	0.12452719053174276	0.46532763630429225	0.5029086075108145	0.9129920816328663
